#{"t_start": 1749633296.3012152, "env_id": "hand_multiprocessing-v0"}
r,l,t
-2315.944061,2001,13.964048
-2426.96225,2001,22.869205
-2432.813755,2001,31.727359
-2366.803925,2001,40.630142
-2297.522997,2001,49.514811
